"Isabelle", "Documento de Requisitos", "EO System"
"Descrição","Conformidade","Responsável","Classificação","Prazo","Escalonamento","Email Responsável","Emails Superiores"
"Todas as revisões estão organizadas de forma cronológica?","Não Conforme","João Silva","Baixa",1,"Isabelle Vizzu","joao.silva@email.com","isabelle.vizzu@pucpr.edu.br"
"Os objetivos especificam os requisitos funcionais e não-funcionais a serem implementados?","Não Conforme","Maria Oliveira","Média",2,"Maria Fernanda Moreira","maria.oliveira@email.com","maria.perez@pucpr.edu."
"As funcionalidades convergem para os objetivos descritos na introdução?","Não Conforme","Julia Helena","Alta",0,"João Silva - Beatriz","helena.almeida@pucpr.edu.br","joao.silva@email.com - beatriz@email.com"
"O escopo negativo menciona as funcionalidades que não serão incluídas no projeto?","Não Conforme","João Silva","Média",1,"Isabelle Vizzu","joao.silva@email.com","isabelle.vizzu@pucpr.edu.br"
"A prioridade de cada requisito (Essencial, Importante, Desejável) está indicada?","Não Conforme","Maria Fernanda Moreira","Alta",0,"Ana Costa - Paulo Silva","maria.perez@pucpr.edu.br","ana.costa@email.com - paulo.silva@email.com"
"Todos os requisitos não-funcionais mencionam os casos de uso associados?","Não Conforme","Beatriz","Alta",2,"Julia Helena","beatriz@email.com","helena.almeida@pucpr.edu.br"
"A seção de performance especifica todas as condições que afetam o desempenho do sistema?","Não Conforme","Isabelle Vizzu","Média",1,"João Silva","isabelle.vizzu@pucpr.edu.br","joao.silva@email.com"
"As referências mencionam todas as fontes utilizadas na elaboração dos requisitos?","Não Conforme","Isabelle Vizzu","Média",1,"Ana Costa","isabelle.vizzu@pucpr.edu.br","ana.costa@email.com"
